{
  "Naive (no CL)": {
    "r1_py": {
      "mean": 0.9686702728271485,
      "std": 0.0036450013850160543
    },
    "r2_py": {
      "mean": 0.004371584544423967,
      "std": 0.0047522018932373445
    },
    "r2_js": {
      "mean": 0.894390881061554,
      "std": 0.030838431705897534
    },
    "forgetting": {
      "mean": 0.9642986882827245,
      "std": 0.004775411302598272
    },
    "recovery": {
      "mean": -3.0066083563678492e-05,
      "std": 0.00502825298194619
    },
    "plasticity": {
      "mean": 0.9492579930604478,
      "std": 0.032730239552003305
    }
  },
  "ER Random (buf=2000)": {
    "r1_py": {
      "mean": 0.9686702728271485,
      "std": 0.0036450013850160543
    },
    "r2_py": {
      "mean": 0.9231936573982239,
      "std": 0.010910390240289213
    },
    "r2_js": {
      "mean": 0.9127081513404847,
      "std": 0.020306570375362615
    },
    "forgetting": {
      "mean": 0.04547661542892456,
      "std": 0.013573072087313174
    },
    "recovery": {
      "mean": 0.9721655458662827,
      "std": 0.011544164892909948
    },
    "plasticity": {
      "mean": 0.968698950690389,
      "std": 0.02155229290528826
    }
  },
  "ER Stratified (buf=2000)": {
    "r1_py": {
      "mean": 0.9686702728271485,
      "std": 0.0036450013850160543
    },
    "r2_py": {
      "mean": 0.9151790738105774,
      "std": 0.012269537445793151
    },
    "r2_js": {
      "mean": 0.9142857193946838,
      "std": 0.0183183111374215
    },
    "forgetting": {
      "mean": 0.053491199016571046,
      "std": 0.015287285575565345
    },
    "recovery": {
      "mean": 0.9636854024024732,
      "std": 0.012982263724254749
    },
    "plasticity": {
      "mean": 0.9703732958975628,
      "std": 0.01944206234071482
    }
  },
  "ER Herding (buf=1000)": {
    "r1_py": {
      "mean": 0.9686702728271485,
      "std": 0.0036450013850160543
    },
    "r2_py": {
      "mean": 0.8506374955177307,
      "std": 0.011305320884806321
    },
    "r2_js": {
      "mean": 0.9160385727882385,
      "std": 0.01920267826934039
    },
    "forgetting": {
      "mean": 0.11803277730941772,
      "std": 0.012193865463829055
    },
    "recovery": {
      "mean": 0.8953946624883405,
      "std": 0.011962036699615186
    },
    "plasticity": {
      "mean": 0.9722336794610895,
      "std": 0.020380681669858187
    }
  },
  "TAR High-Degree (buf=2000)": {
    "r1_py": {
      "mean": 0.9686702728271485,
      "std": 0.0036450013850160543
    },
    "r2_py": {
      "mean": 0.5811171531677246,
      "std": 0.0058344674934113355
    },
    "r2_js": {
      "mean": 0.9148115873336792,
      "std": 0.02039375865691101
    },
    "forgetting": {
      "mean": 0.38755311965942385,
      "std": 0.007437708976902812
    },
    "recovery": {
      "mean": 0.6102181284178654,
      "std": 0.00617338640716469
    },
    "plasticity": {
      "mean": 0.9709314236188487,
      "std": 0.0216448298205381
    }
  },
  "TAR Bridge (buf=2000)": {
    "r1_py": {
      "mean": 0.9686702728271485,
      "std": 0.0036450013850160543
    },
    "r2_py": {
      "mean": 0.6052823066711426,
      "std": 0.022250232187946268
    },
    "r2_js": {
      "mean": 0.9129710912704467,
      "std": 0.021053527741602157
    },
    "forgetting": {
      "mean": 0.3633879661560059,
      "std": 0.025184508179383124
    },
    "recovery": {
      "mean": 0.6357870137246244,
      "std": 0.023542727952540726
    },
    "plasticity": {
      "mean": 0.9689780208771458,
      "std": 0.02234507295860981
    }
  },
  "TAR Ego (buf=2000)": {
    "r1_py": {
      "mean": 0.9686702728271485,
      "std": 0.0036450013850160543
    },
    "r2_py": {
      "mean": 0.5811171531677246,
      "std": 0.0058344674934113355
    },
    "r2_js": {
      "mean": 0.9148115873336792,
      "std": 0.02039375865691101
    },
    "forgetting": {
      "mean": 0.38755311965942385,
      "std": 0.007437708976902812
    },
    "recovery": {
      "mean": 0.6102181284178654,
      "std": 0.00617338640716469
    },
    "plasticity": {
      "mean": 0.9709314236188487,
      "std": 0.0216448298205381
    }
  },
  "LwF (\u03bb=5.0)": {
    "r1_py": {
      "mean": 0.9686702728271485,
      "std": 0.0036450013850160543
    },
    "r2_py": {
      "mean": 0.9653916001319885,
      "std": 0.00431043438554262
    },
    "r2_js": {
      "mean": 0.863891327381134,
      "std": 0.03232638187691178
    },
    "forgetting": {
      "mean": 0.003278672695159912,
      "std": 0.003946090932007773
    },
    "recovery": {
      "mean": 1.0168147287398035,
      "std": 0.004560823601251252
    },
    "plasticity": {
      "mean": 0.916887420272908,
      "std": 0.03430946919646763
    }
  },
  "EWC (\u03bb=10000000.0)": {
    "r1_py": {
      "mean": 0.9686702728271485,
      "std": 0.0036450013850160543
    },
    "r2_py": {
      "mean": 0.968852412700653,
      "std": 0.004062109070401167
    },
    "r2_js": {
      "mean": 0.01814198084175587,
      "std": 0.01493936956877086
    },
    "forgetting": {
      "mean": -0.00018213987350463868,
      "std": 0.0004932737933217684
    },
    "recovery": {
      "mean": 1.0204765767650545,
      "std": 0.004298073294255835
    },
    "plasticity": {
      "mean": 0.01925491492438534,
      "std": 0.015855836944142283
    }
  },
  "GraphEWC (\u03b1=0.1)": {
    "r1_py": {
      "mean": 0.9686702728271485,
      "std": 0.0036450013850160543
    },
    "r2_py": {
      "mean": 0.9312082290649414,
      "std": 0.05062915618695918
    },
    "r2_js": {
      "mean": 0.36152497828006747,
      "std": 0.1591420695759691
    },
    "forgetting": {
      "mean": 0.037462043762207034,
      "std": 0.051247567724495756
    },
    "recovery": {
      "mean": 0.9806456767166875,
      "std": 0.053570157853094005
    },
    "plasticity": {
      "mean": 0.3837030123965903,
      "std": 0.16890476499253776
    }
  },
  "Joint (upper bound)": {
    "r1_py": {
      "mean": 0.9495445847511291,
      "std": 0.004952772527317486
    },
    "r2_py": {
      "mean": 0.9495445847511291,
      "std": 0.004952772527317486
    },
    "r2_js": {
      "mean": 0.9421560049057007,
      "std": 0.011002516233045255
    },
    "forgetting": {
      "mean": 0.0,
      "std": 0.0
    },
    "recovery": {
      "mean": 1.0,
      "std": 0.0
    },
    "plasticity": {
      "mean": 0.9999533059920406,
      "std": 0.011677474244369828
    }
  }
}