{
  "config": {
    "model": "GAT",
    "hidden_dim": 128,
    "gat_heads": 4,
    "epochs_per_round": 20,
    "lr": 0.005,
    "tfidf_features": 512,
    "train_ratio": 0.8
  },
  "round_1": {
    "train_loss": [
      1.7894986867904663,
      1.6280628442764282,
      1.471835732460022,
      1.3162583112716675,
      1.1796256303787231,
      1.0757654905319214,
      0.9977384805679321,
      0.9410266280174255,
      0.8940662741661072,
      0.8436321020126343,
      0.7978702187538147,
      0.7539716958999634,
      0.7219666242599487,
      0.6733164191246033,
      0.6340466141700745,
      0.5970174670219421,
      0.5545439124107361,
      0.5383238196372986,
      0.5031446814537048,
      0.48368722200393677
    ],
    "python_acc": [
      0.6647398471832275,
      0.7128080129623413,
      0.7347124814987183,
      0.7557042837142944,
      0.7773045301437378,
      0.7967751622200012,
      0.8144204020500183,
      0.831457257270813,
      0.8278064727783203,
      0.8290234208106995,
      0.8302403092384338,
      0.830848753452301,
      0.837846040725708,
      0.8411925435066223,
      0.8433221578598022,
      0.8466686606407166,
      0.8487982749938965,
      0.8518405556678772,
      0.8524489998817444,
      0.8545786142349243
    ],
    "js_acc": [
      0.0,
      0.0,
      0.0,
      0.0,
      0.0,
      0.0,
      0.0,
      0.0,
      0.0,
      0.0,
      0.0,
      0.0,
      0.0,
      0.0,
      0.0,
      0.0,
      0.0,
      0.0,
      0.0,
      0.0
    ],
    "per_class": {
      "python": 0.8364565372467041,
      "learnpython": 0.7863501310348511,
      "django": 0.9364791512489319,
      "javascript": 0.0,
      "node": 0.0,
      "webdev": 0.0
    }
  },
  "round_2": {
    "train_loss": [
      12.404501914978027,
      11.223045349121094,
      9.587822914123535,
      8.023772239685059,
      6.389190196990967,
      5.023372173309326,
      3.8663926124572754,
      2.976778030395508,
      2.3451764583587646,
      1.9174742698669434,
      1.6427651643753052,
      1.454652190208435,
      1.337241530418396,
      1.2507359981536865,
      1.1900838613510132,
      1.1421196460723877,
      1.0944572687149048,
      1.0600413084030151,
      1.0210819244384766,
      0.9905698299407959
    ],
    "python_acc": [
      0.8570124506950378,
      0.859750509262085,
      0.8557955622673035,
      0.8524489998817444,
      0.8515363335609436,
      0.8445390462875366,
      0.8390629291534424,
      0.8305445313453674,
      0.8271980285644531,
      0.7979920506477356,
      0.614237904548645,
      0.3583814799785614,
      0.168542742729187,
      0.06997261941432953,
      0.027989046648144722,
      0.013081837445497513,
      0.006084575317800045,
      0.0024338301736861467,
      0.0012169150868430734,
      0.00030422877171076834
    ],
    "js_acc": [
      0.0,
      0.0,
      0.0,
      0.0,
      0.0,
      0.0,
      0.0,
      0.05771753564476967,
      0.07739397138357162,
      0.23917797207832336,
      0.44818541407585144,
      0.5282028913497925,
      0.5435068011283875,
      0.5986008048057556,
      0.6528202891349792,
      0.619151771068573,
      0.5784870982170105,
      0.5693047642707825,
      0.5688675045967102,
      0.5671185255050659
    ],
    "per_class": {
      "python": 0.0,
      "learnpython": 0.0,
      "django": 0.0009074410190805793,
      "javascript": 0.2064516246318817,
      "node": 1.0,
      "webdev": 0.0907759889960289
    }
  },
  "forgetting": {
    "python_acc_after_r1": 0.8545786142349243,
    "python_acc_after_r2": 0.00030422877171076834,
    "js_acc_after_r2": 0.5671185255050659,
    "forgetting_magnitude": 0.8542743854632135,
    "forgetting_pct": 85.42743854632135
  }
}